t_s,listener,spos_ms,n_msgs,cut_bytes,msg_bytes,n_dropped,drop_bytes
2.023,2,2000.729,1,2000,7958,0,0
4.024,2,4001.521,1,2000,7958,0,0
6.025,2,6001.729,1,2000,7958,0,0
6.045,1,6006.438,1,2000,7958,0,0
12.045,0,12004.542,1,2000,7955,0,0
28.048,1,28008.333,1,2000,8314,0,0
36.050,1,36008.000,1,2000,7960,0,0
42.026,2,42002.479,1,2000,7958,0,0
42.049,0,42007.917,1,2000,7958,0,0
56.026,2,56002.229,1,2000,7958,0,0
74.043,0,74005.542,1,2000,7958,0,0
84.049,0,84008.062,1,2000,7958,0,0
84.049,1,84008.062,1,2000,7958,0,0
94.045,1,94005.021,1,2000,7958,0,0
122.026,2,122003.167,1,2000,7959,0,0
126.024,2,126001.479,1,2000,7960,0,0
130.025,2,130001.854,1,2000,7960,0,0
132.048,0,132007.625,1,2000,8295,0,0
138.025,2,138002.646,1,2000,8502,0,0
146.047,0,146005.958,1,2000,7958,0,0
146.047,1,146005.958,1,2000,7958,0,0
150.026,1,150004.042,1,2000,8552,0,0
158.049,0,158006.729,1,2000,8263,0,0
162.046,0,162006.979,1,2000,7958,0,0
166.046,0,166007.438,1,2000,7959,0,0
170.049,0,170007.958,1,2000,8526,0,0
172.047,1,172007.792,1,2000,7958,0,0
194.048,0,194006.917,1,2000,7958,0,0
