t_wall_s,idx,loop,spos_ms,interval_ms
384780.900578,0,1,0.000,4000.000
384780.900578,1,1,0.000,4000.000
384780.900578,2,1,0.000,4000.000
384784.895289,1,2,4000.000,4000.000
384784.903320,0,2,4000.000,4000.000
384784.913074,2,2,4000.000,4000.000
384788.888989,1,3,8000.000,4000.000
384788.901064,0,3,8000.000,4000.000
384788.913060,2,3,8000.000,4000.000
384792.882939,1,4,12000.000,4000.000
384792.900873,0,4,12000.000,4000.000
384792.919152,2,4,12000.000,4000.000
384796.877075,1,5,16000.000,4000.000
384796.900943,0,5,16000.000,4000.000
384796.925091,2,5,16000.000,4000.000
384800.870907,1,6,20000.000,4000.000
384800.900877,0,6,20000.000,4000.000
384800.930940,2,6,20000.000,4000.000
384804.865043,1,7,24000.000,4000.000
384804.901005,0,7,24000.000,4000.000
384804.937035,2,7,24000.000,4000.000
384808.859042,1,8,28000.000,4000.000
384808.901058,0,8,28000.000,4000.000
384808.943175,2,8,28000.000,4000.000
384812.853051,1,9,32000.000,4000.000
384812.901045,0,9,32000.000,4000.000
384812.949132,2,9,32000.000,4000.000
384816.847052,1,10,36000.000,4000.000
384816.901237,0,10,36000.000,4000.000
384816.955095,2,10,36000.000,4000.000
384820.841022,1,11,40000.000,4000.000
384820.901193,0,11,40000.000,4000.000
384820.961209,2,11,40000.000,4000.000
384824.835077,1,12,44000.000,4000.000
384824.900964,0,12,44000.000,4000.000
384824.967054,2,12,44000.000,4000.000
384828.828817,1,13,48000.000,4000.000
384828.900989,0,13,48000.000,4000.000
384828.973068,2,13,48000.000,4000.000
384832.823017,1,14,52000.000,4000.000
384832.900973,0,14,52000.000,4000.000
384832.979182,2,14,52000.000,4000.000
384836.817127,1,15,56000.000,4000.000
384836.900957,0,15,56000.000,4000.000
384836.985056,2,15,56000.000,4000.000
384840.811359,1,16,60000.000,4000.000
384840.900980,0,16,60000.000,4000.000
384840.990928,2,16,60000.000,4000.000
384844.805115,1,17,64000.000,4000.000
384844.900994,0,17,64000.000,4000.000
384844.997143,2,17,64000.000,4000.000
384848.799161,1,18,68000.000,4000.000
384848.900999,0,18,68000.000,4000.000
384849.003262,2,18,68000.000,4000.000
384852.793161,1,19,72000.000,4000.000
384852.900995,0,19,72000.000,4000.000
384853.009147,2,19,72000.000,4000.000
384856.787226,1,20,76000.000,4000.000
384856.900992,0,20,76000.000,4000.000
384857.015209,2,20,76000.000,4000.000
384860.781204,1,21,80000.000,4000.000
384860.901019,0,21,80000.000,4000.000
384861.021129,2,21,80000.000,4000.000
384864.775150,1,22,84000.000,4000.000
384864.900963,0,22,84000.000,4000.000
384865.027155,2,22,84000.000,4000.000
384868.769184,1,23,88000.000,4000.000
384868.900949,0,23,88000.000,4000.000
384869.033125,2,23,88000.000,4000.000
384872.763254,1,24,92000.000,4000.000
384872.901025,0,24,92000.000,4000.000
384873.039194,2,24,92000.000,4000.000
384876.757210,1,25,96000.000,4000.000
384876.901039,0,25,96000.000,4000.000
384877.045168,2,25,96000.000,4000.000
384880.751172,1,26,100000.000,4000.000
384880.900951,0,26,100000.000,4000.000
384881.051049,2,26,100000.000,4000.000
384884.745252,1,27,104000.000,4000.000
384884.901179,0,27,104000.000,4000.000
384885.057177,2,27,104000.000,4000.000
384888.739200,1,28,108000.000,4000.000
384888.900970,0,28,108000.000,4000.000
384889.063314,2,28,108000.000,4000.000
384892.733209,1,29,112000.000,4000.000
384892.900920,0,29,112000.000,4000.000
384893.069063,2,29,112000.000,4000.000
384896.727192,1,30,116000.000,4000.000
384896.901240,0,30,116000.000,4000.000
384897.075192,2,30,116000.000,4000.000
384900.721169,1,31,120000.000,4000.000
