t_s,listener,emitter,k,target_spos_ms,heard_spos_ms,err_ms,peak,far_peak,suspect
16.058,0,1,1,12000.000,16020.021,4020.021,1.0000,0.0000,0
16.120,2,0,1,12000.000,16020.030,4020.030,0.7114,0.0000,0
16.120,2,1,1,12000.000,16020.063,4020.063,0.7027,0.0000,0
19.978,1,0,1,12000.000,20020.094,8020.094,0.7205,0.0000,0
19.978,1,2,1,12000.000,20020.106,8020.106,0.6934,0.0000,0
20.057,0,2,1,12000.000,20020.022,8020.022,1.0000,0.0000,0
28.055,0,1,2,24000.000,28020.042,4020.042,1.0000,0.0000,0
28.170,2,0,2,24000.000,28020.072,4020.072,0.7114,0.0000,0
28.170,2,1,2,24000.000,28020.105,4020.105,0.7027,0.0000,0
31.930,1,0,2,24000.000,32020.115,8020.115,0.7205,0.0000,0
31.930,1,2,2,24000.000,32020.126,8020.126,0.6934,0.0000,0
32.058,0,2,2,24000.000,32020.106,8020.106,1.0000,0.0000,0
40.056,0,1,3,36000.000,40020.021,4020.021,1.0000,0.0000,0
40.219,2,0,3,36000.000,40020.072,4020.072,0.7114,0.0000,0
40.219,2,1,3,36000.000,40020.105,4020.105,0.7027,0.0000,0
43.881,1,0,3,36000.000,44020.010,8020.010,0.7205,0.0000,0
43.881,1,2,3,36000.000,44020.022,8020.022,0.6934,0.0000,0
44.055,0,2,3,36000.000,44020.043,8020.043,1.0000,0.0000,0
52.056,0,1,4,48000.000,52020.125,4020.125,1.0000,0.0000,0
52.267,2,0,4,48000.000,52020.093,4020.093,0.7114,0.0000,0
52.267,2,1,4,48000.000,52020.126,4020.126,0.7027,0.0000,0
55.835,1,0,4,48000.000,56020.115,8020.115,0.7205,0.0000,0
55.835,1,2,4,48000.000,56020.126,8020.126,0.6934,0.0000,0
56.057,0,2,4,48000.000,56020.106,8020.106,1.0000,0.0000,0
64.057,0,1,5,60000.000,64020.146,4020.146,1.0000,0.0000,0
64.314,2,0,5,60000.000,64020.113,4020.113,0.7114,0.0000,0
64.314,2,1,5,60000.000,64020.146,4020.146,0.7027,0.0000,0
67.787,1,0,5,60000.000,68019.990,8019.990,0.7205,0.0000,0
67.787,1,2,5,60000.000,68020.001,8020.001,0.6934,0.0000,0
68.057,0,2,5,60000.000,68020.022,8020.022,1.0000,0.0000,0
76.056,0,1,6,72000.000,76020.125,4020.125,1.0000,0.0000,0
76.362,2,0,6,72000.000,76020.113,4020.113,0.7114,0.0000,0
76.362,2,1,6,72000.000,76020.146,4020.146,0.7027,0.0000,0
79.738,1,0,6,72000.000,80020.115,8020.115,0.7205,0.0000,0
79.738,1,2,6,72000.000,80020.126,8020.126,0.6934,0.0000,0
80.058,0,2,6,72000.000,80020.064,8020.064,1.0000,0.0000,0
88.058,0,1,7,84000.000,88020.083,4020.083,1.0000,0.0000,0
88.410,2,0,7,84000.000,88020.072,4020.072,0.7114,0.0000,0
88.410,2,1,7,84000.000,88020.105,4020.105,0.7027,0.0000,0
91.691,1,0,7,84000.000,92019.969,8019.969,0.7205,0.0000,0
91.691,1,2,7,84000.000,92019.981,8019.981,0.6934,0.0000,0
92.055,0,2,7,84000.000,92020.126,8020.126,1.0000,0.0000,0
100.057,0,1,8,96000.000,100020.104,4020.104,1.0000,0.0000,0
100.460,2,0,8,96000.000,100020.051,4020.051,0.7114,0.0000,0
100.460,2,1,8,96000.000,100020.084,4020.084,0.7027,0.0000,0
103.643,1,0,8,96000.000,104020.031,8020.031,0.7205,0.0000,0
103.643,1,2,8,96000.000,104020.043,8020.043,0.6934,0.0000,0
104.055,0,2,8,96000.000,104019.981,8019.981,1.0000,0.0000,0
112.056,0,1,9,108000.000,112020.125,4020.125,1.0000,0.0000,0
112.506,2,0,9,108000.000,112019.988,4019.988,0.7114,0.0000,0
112.506,2,1,9,108000.000,112020.021,4020.021,0.7027,0.0000,0
115.595,1,0,9,108000.000,116019.990,8019.990,0.7205,0.0000,0
115.595,1,2,9,108000.000,116020.001,8020.001,0.6934,0.0000,0
116.057,0,2,9,108000.000,116020.085,8020.085,1.0000,0.0000,0
124.058,0,1,10,120000.000,124020.042,4020.042,1.0000,0.0000,0
124.554,2,0,10,120000.000,124020.030,4020.030,0.7114,0.0000,0
124.554,2,1,10,120000.000,124020.063,4020.063,0.7027,0.0000,0
127.548,1,0,10,120000.000,128019.969,8019.969,0.7205,0.0000,0
127.548,1,2,10,120000.000,128019.981,8019.981,0.6934,0.0000,0
128.057,0,2,10,120000.000,128020.043,8020.043,1.0000,0.0000,0
136.057,0,1,11,132000.000,136020.042,4020.042,1.0000,0.0000,0
136.604,2,0,11,132000.000,136019.968,4019.968,0.7114,0.0000,0
136.604,2,1,11,132000.000,136020.001,4020.001,0.7027,0.0000,0
139.500,1,0,11,132000.000,140020.031,8020.031,0.7205,0.0000,0
139.500,1,2,11,132000.000,140020.043,8020.043,0.6934,0.0000,0
140.057,0,2,11,132000.000,140020.043,8020.043,1.0000,0.0000,0
148.058,0,1,12,144000.000,148020.104,4020.104,1.0000,0.0000,0
148.652,2,0,12,144000.000,148020.113,4020.113,0.7114,0.0000,0
148.652,2,1,12,144000.000,148020.146,4020.146,0.7027,0.0000,0
151.451,1,0,12,144000.000,152020.115,8020.115,0.7205,0.0000,0
151.451,1,2,12,144000.000,152020.126,8020.126,0.6934,0.0000,0
152.058,0,2,12,144000.000,152020.085,8020.085,1.0000,0.0000,0
160.056,0,1,13,156000.000,160020.125,4020.125,1.0000,0.0000,0
160.700,2,0,13,156000.000,160020.113,4020.113,0.7114,0.0000,0
160.700,2,1,13,156000.000,160020.146,4020.146,0.7027,0.0000,0
163.404,1,0,13,156000.000,164020.073,8020.073,0.7205,0.0000,0
163.404,1,2,13,156000.000,164020.085,8020.085,0.6934,0.0000,0
164.057,0,2,13,156000.000,164020.022,8020.022,1.0000,0.0000,0
172.056,0,1,14,168000.000,172020.000,4020.000,1.0000,0.0000,0
172.747,2,0,14,168000.000,172020.113,4020.113,0.7114,0.0000,0
172.747,2,1,14,168000.000,172020.146,4020.146,0.7027,0.0000,0
175.354,1,0,14,168000.000,176020.115,8020.115,0.7205,0.0000,0
175.354,1,2,14,168000.000,176020.126,8020.126,0.6934,0.0000,0
176.057,0,2,14,168000.000,176019.981,8019.981,1.0000,0.0000,0
184.058,0,1,15,180000.000,184020.083,4020.083,1.0000,0.0000,0
184.796,2,0,15,180000.000,184020.072,4020.072,0.7114,0.0000,0
184.796,2,1,15,180000.000,184020.105,4020.105,0.7027,0.0000,0
187.309,1,0,15,180000.000,188020.094,8020.094,0.7205,0.0000,0
187.309,1,2,15,180000.000,188020.106,8020.106,0.6934,0.0000,0
188.057,0,2,15,180000.000,188019.981,8019.981,1.0000,0.0000,0
196.057,0,1,16,192000.000,196020.062,4020.062,1.0000,0.0000,0
196.843,2,0,16,192000.000,196019.968,4019.968,0.7114,0.0000,0
196.843,2,1,16,192000.000,196020.001,4020.001,0.7027,0.0000,0
199.260,1,0,16,192000.000,200019.990,8019.990,0.7205,0.0000,0
199.260,1,2,16,192000.000,200020.001,8020.001,0.6934,0.0000,0
200.058,0,2,16,192000.000,200020.126,8020.126,1.0000,0.0000,0
208.058,0,1,17,204000.000,208020.146,4020.146,1.0000,0.0000,0
208.891,2,0,17,204000.000,208019.988,4019.988,0.7114,0.0000,0
208.891,2,1,17,204000.000,208020.021,4020.021,0.7027,0.0000,0
211.211,1,0,17,204000.000,212019.969,8019.969,0.7205,0.0000,0
211.211,1,2,17,204000.000,212019.981,8019.981,0.6934,0.0000,0
212.058,0,2,17,204000.000,212020.106,8020.106,1.0000,0.0000,0
220.056,0,1,18,216000.000,220020.125,4020.125,1.0000,0.0000,0
220.940,2,0,18,216000.000,220019.988,4019.988,0.7114,0.0000,0
220.940,2,1,18,216000.000,220020.021,4020.021,0.7027,0.0000,0
223.165,1,0,18,216000.000,224020.073,8020.073,0.7205,0.0000,0
223.165,1,2,18,216000.000,224020.085,8020.085,0.6934,0.0000,0
224.056,0,2,18,216000.000,224019.981,8019.981,1.0000,0.0000,0
232.058,0,1,19,228000.000,232020.125,4020.125,1.0000,0.0000,0
232.990,2,0,19,228000.000,232020.072,4020.072,0.7114,0.0000,0
232.990,2,1,19,228000.000,232020.105,4020.105,0.7027,0.0000,0
235.115,1,0,19,228000.000,236020.031,8020.031,0.7205,0.0000,0
235.115,1,2,19,228000.000,236020.043,8020.043,0.6934,0.0000,0
236.058,0,2,19,228000.000,236020.126,8020.126,1.0000,0.0000,0
244.056,0,1,20,240000.000,244020.042,4020.042,1.0000,0.0000,0
245.036,2,0,20,240000.000,244020.093,4020.093,0.7114,0.0000,0
245.036,2,1,20,240000.000,244020.126,4020.126,0.7027,0.0000,0
247.069,1,0,20,240000.000,248020.073,8020.073,0.7205,0.0000,0
247.069,1,2,20,240000.000,248020.085,8020.085,0.6934,0.0000,0
248.057,0,2,20,240000.000,248020.001,8020.001,1.0000,0.0000,0
256.056,0,1,21,252000.000,256020.000,4020.000,1.0000,0.0000,0
257.086,2,0,21,252000.000,256020.113,4020.113,0.7114,0.0000,0
257.086,2,1,21,252000.000,256020.146,4020.146,0.7027,0.0000,0
259.020,1,0,21,252000.000,260020.094,8020.094,0.7205,0.0000,0
259.020,1,2,21,252000.000,260020.106,8020.106,0.6934,0.0000,0
260.056,0,2,21,252000.000,260020.064,8020.064,1.0000,0.0000,0
268.055,0,1,22,264000.000,268020.000,4020.000,1.0000,0.0000,0
269.132,2,0,22,264000.000,268020.030,4020.030,0.7114,0.0000,0
269.132,2,1,22,264000.000,268020.063,4020.063,0.7027,0.0000,0
270.975,1,0,22,264000.000,272020.115,8020.115,0.7205,0.0000,0
270.975,1,2,22,264000.000,272020.126,8020.126,0.6934,0.0000,0
272.056,0,2,22,264000.000,272020.126,8020.126,1.0000,0.0000,0
280.056,0,1,23,276000.000,280020.146,4020.146,1.0000,0.0000,0
281.180,2,0,23,276000.000,280020.113,4020.113,0.7114,0.0000,0
281.180,2,1,23,276000.000,280020.146,4020.146,0.7027,0.0000,0
282.924,1,0,23,276000.000,284019.969,8019.969,0.7205,0.0000,0
282.924,1,2,23,276000.000,284019.981,8019.981,0.6934,0.0000,0
284.056,0,2,23,276000.000,284020.043,8020.043,1.0000,0.0000,0
292.056,0,1,24,288000.000,292020.083,4020.083,1.0000,0.0000,0
293.229,2,0,24,288000.000,292020.093,4020.093,0.7114,0.0000,0
293.229,2,1,24,288000.000,292020.126,4020.126,0.7027,0.0000,0
294.878,1,0,24,288000.000,296020.073,8020.073,0.7205,0.0000,0
294.878,1,2,24,288000.000,296020.085,8020.085,0.6934,0.0000,0
296.057,0,2,24,288000.000,296020.001,8020.001,1.0000,0.0000,0
304.058,0,1,25,300000.000,304020.021,4020.021,1.0000,0.0000,0
305.279,2,0,25,300000.000,304020.030,4020.030,0.7114,0.0000,0
305.279,2,1,25,300000.000,304020.063,4020.063,0.7027,0.0000,0
306.830,1,0,25,300000.000,308020.115,8020.115,0.7205,0.0000,0
306.830,1,2,25,300000.000,308020.126,8020.126,0.6934,0.0000,0
308.058,0,2,25,300000.000,308020.022,8020.022,1.0000,0.0000,0
316.058,0,1,26,312000.000,316020.062,4020.062,1.0000,0.0000,0
317.325,2,0,26,312000.000,316020.093,4020.093,0.7114,0.0000,0
317.325,2,1,26,312000.000,316020.126,4020.126,0.7027,0.0000,0
318.783,1,0,26,312000.000,320020.010,8020.010,0.7205,0.0000,0
318.783,1,2,26,312000.000,320020.022,8020.022,0.6934,0.0000,0
320.056,0,2,26,312000.000,320020.106,8020.106,1.0000,0.0000,0
328.057,0,1,27,324000.000,328020.146,4020.146,1.0000,0.0000,0
329.373,2,0,27,324000.000,328020.009,4020.009,0.7114,0.0000,0
329.373,2,1,27,324000.000,328020.042,4020.042,0.7027,0.0000,0
330.732,1,0,27,324000.000,332019.990,8019.990,0.7205,0.0000,0
330.732,1,2,27,324000.000,332020.001,8020.001,0.6934,0.0000,0
332.057,0,2,27,324000.000,332020.106,8020.106,1.0000,0.0000,0
340.056,0,1,28,336000.000,340020.125,4020.125,1.0000,0.0000,0
341.422,2,0,28,336000.000,340020.051,4020.051,0.7114,0.0000,0
341.422,2,1,28,336000.000,340020.084,4020.084,0.7027,0.0000,0
342.686,1,0,28,336000.000,344020.052,8020.052,0.7205,0.0000,0
342.686,1,2,28,336000.000,344020.064,8020.064,0.6934,0.0000,0
344.057,0,2,28,336000.000,344020.064,8020.064,1.0000,0.0000,0
352.057,0,1,29,348000.000,352020.083,4020.083,1.0000,0.0000,0
353.469,2,0,29,348000.000,352020.093,4020.093,0.7114,0.0000,0
353.469,2,1,29,348000.000,352020.126,4020.126,0.7027,0.0000,0
354.640,1,0,29,348000.000,356020.052,8020.052,0.7205,0.0000,0
354.640,1,2,29,348000.000,356020.064,8020.064,0.6934,0.0000,0
356.055,0,2,29,348000.000,356019.981,8019.981,1.0000,0.0000,0
364.057,0,1,30,360000.000,364020.062,4020.062,1.0000,0.0000,0
365.520,2,0,30,360000.000,364020.030,4020.030,0.7114,0.0000,0
365.520,2,1,30,360000.000,364020.063,4020.063,0.7027,0.0000,0
366.589,1,0,30,360000.000,368020.115,8020.115,0.7205,0.0000,0
366.589,1,2,30,360000.000,368020.126,8020.126,0.6934,0.0000,0
368.056,0,2,30,360000.000,368019.981,8019.981,1.0000,0.0000,0
376.057,0,1,31,372000.000,376020.083,4020.083,1.0000,0.0000,0
377.568,2,0,31,372000.000,376020.030,4020.030,0.7114,0.0000,0
377.568,2,1,31,372000.000,376020.063,4020.063,0.7027,0.0000,0
378.544,1,0,31,372000.000,380019.990,8019.990,0.7205,0.0000,0
378.544,1,2,31,372000.000,380020.001,8020.001,0.6934,0.0000,0
380.057,0,2,31,372000.000,380019.981,8019.981,1.0000,0.0000,0
388.056,0,1,32,384000.000,388020.146,4020.146,1.0000,0.0000,0
389.616,2,0,32,384000.000,388020.030,4020.030,0.7114,0.0000,0
389.616,2,1,32,384000.000,388020.063,4020.063,0.7027,0.0000,0
390.495,1,0,32,384000.000,392019.990,8019.990,0.7205,0.0000,0
390.495,1,2,32,384000.000,392020.001,8020.001,0.6934,0.0000,0
392.057,0,2,32,384000.000,392020.126,8020.126,1.0000,0.0000,0
400.056,0,1,33,396000.000,400020.104,4020.104,1.0000,0.0000,0
401.664,2,0,33,396000.000,400020.113,4020.113,0.7114,0.0000,0
401.664,2,1,33,396000.000,400020.146,4020.146,0.7027,0.0000,0
402.447,1,0,33,396000.000,404020.052,8020.052,0.7205,0.0000,0
402.447,1,2,33,396000.000,404020.064,8020.064,0.6934,0.0000,0
404.058,0,2,33,396000.000,404019.981,8019.981,1.0000,0.0000,0
412.057,0,1,34,408000.000,412020.083,4020.083,1.0000,0.0000,0
413.712,2,0,34,408000.000,412019.988,4019.988,0.7114,0.0000,0
413.712,2,1,34,408000.000,412020.021,4020.021,0.7027,0.0000,0
414.400,1,0,34,408000.000,416020.010,8020.010,0.7205,0.0000,0
414.400,1,2,34,408000.000,416020.022,8020.022,0.6934,0.0000,0
416.055,0,2,34,408000.000,416020.022,8020.022,1.0000,0.0000,0
424.056,0,1,35,420000.000,424020.021,4020.021,1.0000,0.0000,0
425.760,2,0,35,420000.000,424020.113,4020.113,0.7114,0.0000,0
425.760,2,1,35,420000.000,424020.146,4020.146,0.7027,0.0000,0
426.354,1,0,35,420000.000,428020.094,8020.094,0.7205,0.0000,0
426.354,1,2,35,420000.000,428020.106,8020.106,0.6934,0.0000,0
428.057,0,2,35,420000.000,428020.126,8020.126,1.0000,0.0000,0
436.056,0,1,36,432000.000,436020.125,4020.125,1.0000,0.0000,0
437.808,2,0,36,432000.000,436019.988,4019.988,0.7114,0.0000,0
437.808,2,1,36,432000.000,436020.021,4020.021,0.7027,0.0000,0
438.304,1,0,36,432000.000,440020.073,8020.073,0.7205,0.0000,0
438.304,1,2,36,432000.000,440020.085,8020.085,0.6934,0.0000,0
440.056,0,2,36,432000.000,440020.001,8020.001,1.0000,0.0000,0
448.056,0,1,37,444000.000,448020.104,4020.104,1.0000,0.0000,0
449.855,2,0,37,444000.000,448020.030,4020.030,0.7114,0.0000,0
449.855,2,1,37,444000.000,448020.063,4020.063,0.7027,0.0000,0
450.256,1,0,37,444000.000,452020.094,8020.094,0.7205,0.0000,0
450.256,1,2,37,444000.000,452020.106,8020.106,0.6934,0.0000,0
452.059,0,2,37,444000.000,452020.106,8020.106,1.0000,0.0000,0
460.057,0,1,38,456000.000,460020.021,4020.021,1.0000,0.0000,0
461.904,2,0,38,456000.000,460019.988,4019.988,0.7114,0.0000,0
461.904,2,1,38,456000.000,460020.021,4020.021,0.7027,0.0000,0
462.207,1,0,38,456000.000,464020.115,8020.115,0.7205,0.0000,0
462.207,1,2,38,456000.000,464020.126,8020.126,0.6934,0.0000,0
464.057,0,2,38,456000.000,464020.022,8020.022,1.0000,0.0000,0
472.055,0,1,39,468000.000,472020.000,4020.000,1.0000,0.0000,0
473.954,2,0,39,468000.000,472020.113,4020.113,0.7114,0.0000,0
473.954,2,1,39,468000.000,472020.146,4020.146,0.7027,0.0000,0
474.161,1,0,39,468000.000,476020.073,8020.073,0.7205,0.0000,0
474.161,1,2,39,468000.000,476020.085,8020.085,0.6934,0.0000,0
476.057,0,2,39,468000.000,476020.085,8020.085,1.0000,0.0000,0
484.058,0,1,40,480000.000,484020.104,4020.104,1.0000,0.0000,0
486.003,2,0,40,480000.000,484020.009,4020.009,0.7114,0.0000,0
486.003,2,1,40,480000.000,484020.042,4020.042,0.7027,0.0000,0
486.113,1,0,40,480000.000,488019.969,8019.969,0.7205,0.0000,0
486.113,1,2,40,480000.000,488019.981,8019.981,0.6934,0.0000,0
488.056,0,2,40,480000.000,488020.085,8020.085,1.0000,0.0000,0
496.059,0,1,41,492000.000,496020.062,4020.062,1.0000,0.0000,0
498.049,2,0,41,492000.000,496020.113,4020.113,0.7114,0.0000,0
498.049,2,1,41,492000.000,496020.146,4020.146,0.7027,0.0000,0
498.066,1,0,41,492000.000,500019.990,8019.990,0.7205,0.0000,0
498.066,1,2,41,492000.000,500020.001,8020.001,0.6934,0.0000,0
500.056,0,2,41,492000.000,500019.981,8019.981,1.0000,0.0000,0
508.056,0,1,42,504000.000,508020.125,4020.125,1.0000,0.0000,0
510.018,1,0,42,504000.000,512020.031,8020.031,1.0000,0.0000,0
510.098,2,0,42,504000.000,508020.051,4020.051,0.7114,0.0000,0
510.098,2,1,42,504000.000,508020.084,4020.084,0.7027,0.0000,0
512.058,0,2,42,504000.000,512020.064,8020.064,1.0000,0.0000,0
514.052,1,2,43,516000.000,516052.799,52.799,0.6001,0.0000,0
520.058,0,1,43,516000.000,520020.125,4020.125,1.0000,0.0000,0
521.969,1,0,43,516000.000,524020.052,8020.052,1.0000,0.0000,0
522.146,2,0,43,516000.000,520019.968,4019.968,0.7114,0.0000,0
522.146,2,1,43,516000.000,520020.001,4020.001,0.7027,0.0000,0
524.056,0,2,43,516000.000,524019.981,8019.981,1.0000,0.0000,0
526.005,1,2,44,528000.000,528053.858,53.858,0.5439,0.0000,0
532.055,0,1,44,528000.000,532020.146,4020.146,1.0000,0.0000,0
533.922,1,0,44,528000.000,536019.989,8019.989,1.0000,0.0000,0
534.195,2,0,44,528000.000,532020.072,4020.072,0.7114,0.0000,0
534.195,2,1,44,528000.000,532020.105,4020.105,0.7027,0.0000,0
536.057,0,2,44,528000.000,536020.022,8020.022,1.0000,0.0000,0
537.955,1,2,45,540000.000,540052.540,52.540,0.6123,0.0000,0
544.057,0,1,45,540000.000,544020.104,4020.104,1.0000,0.0000,0
545.873,1,0,45,540000.000,548020.031,8020.031,1.0000,0.0000,0
546.241,2,0,45,540000.000,544019.988,4019.988,0.7114,0.0000,0
546.241,2,1,45,540000.000,544020.021,4020.021,0.7027,0.0000,0
548.056,0,2,45,540000.000,548020.064,8020.064,1.0000,0.0000,0
549.908,1,2,46,552000.000,552053.210,53.210,0.5741,0.0000,0
556.056,0,1,46,552000.000,556020.104,4020.104,1.0000,0.0000,0
557.826,1,0,46,552000.000,560020.073,8020.073,1.0000,0.0000,0
558.289,2,0,46,552000.000,556019.988,4019.988,0.7114,0.0000,0
558.289,2,1,46,552000.000,556020.021,4020.021,0.7027,0.0000,0
560.058,0,2,46,552000.000,560020.022,8020.022,1.0000,0.0000,0
561.860,1,2,47,564000.000,564052.644,52.644,0.6123,0.0000,0
568.056,0,1,47,564000.000,568020.083,4020.083,1.0000,0.0000,0
569.778,1,0,47,564000.000,572019.969,8019.969,1.0000,0.0000,0
570.339,2,0,47,564000.000,568020.113,4020.113,0.7114,0.0000,0
570.339,2,1,47,564000.000,568020.146,4020.146,0.7027,0.0000,0
572.058,0,2,47,564000.000,572020.085,8020.085,1.0000,0.0000,0
573.812,1,2,48,576000.000,576052.542,52.542,0.6091,0.0000,0
580.056,0,1,48,576000.000,580020.146,4020.146,1.0000,0.0000,0
581.730,1,0,48,576000.000,584019.989,8019.989,1.0000,0.0000,0
582.385,2,0,48,576000.000,580020.072,4020.072,0.7114,0.0000,0
582.385,2,1,48,576000.000,580020.105,4020.105,0.7027,0.0000,0
584.057,0,2,48,576000.000,584020.106,8020.106,1.0000,0.0000,0
585.765,1,2,49,588000.000,588052.662,52.662,0.6016,0.0000,0
592.058,0,1,49,588000.000,592020.104,4020.104,1.0000,0.0000,0
593.682,1,0,49,588000.000,596019.989,8019.989,1.0000,0.0000,0
594.436,2,0,49,588000.000,592020.030,4020.030,0.7114,0.0000,0
594.436,2,1,49,588000.000,592020.063,4020.063,0.7027,0.0000,0
596.057,0,2,49,588000.000,596020.043,8020.043,1.0000,0.0000,0
597.718,1,2,50,600000.000,600054.026,54.026,0.5348,0.0000,0
604.059,0,1,50,600000.000,604020.042,4020.042,1.0000,0.0000,0
605.634,1,0,50,600000.000,608019.969,8019.969,1.0000,0.0000,0
606.484,2,0,50,600000.000,604020.009,4020.009,0.7114,0.0000,0
606.484,2,1,50,600000.000,604020.042,4020.042,0.7027,0.0000,0
608.056,0,2,50,600000.000,608020.064,8020.064,1.0000,0.0000,0
609.670,1,2,51,612000.000,612053.293,53.293,0.5741,0.0000,0
616.057,0,1,51,612000.000,616020.146,4020.146,1.0000,0.0000,0
617.586,1,0,51,612000.000,620020.073,8020.073,1.0000,0.0000,0
618.532,2,0,51,612000.000,616020.009,4020.009,0.7114,0.0000,0
618.532,2,1,51,612000.000,616020.042,4020.042,0.7027,0.0000,0
620.057,0,2,51,612000.000,620020.085,8020.085,1.0000,0.0000,0
621.624,1,2,52,624000.000,624054.315,54.315,0.5081,0.0000,0
628.057,0,1,52,624000.000,628020.125,4020.125,1.0000,0.0000,0
629.540,1,0,52,624000.000,632020.052,8020.052,1.0000,0.0000,0
630.578,2,0,52,624000.000,628020.030,4020.030,0.7114,0.0000,0
630.578,2,1,52,624000.000,628020.063,4020.063,0.7027,0.0000,0
632.057,0,2,52,624000.000,632019.981,8019.981,1.0000,0.0000,0
633.573,1,2,53,636000.000,636052.762,52.762,0.5760,0.0000,0
640.056,0,1,53,636000.000,640020.083,4020.083,1.0000,0.0000,0
641.491,1,0,53,636000.000,644020.052,8020.052,1.0000,0.0000,0
642.627,2,0,53,636000.000,640020.113,4020.113,0.7114,0.0000,0
642.627,2,1,53,636000.000,640020.146,4020.146,0.7027,0.0000,0
644.059,0,2,53,636000.000,644020.106,8020.106,1.0000,0.0000,0
645.525,1,2,54,648000.000,648052.846,52.846,0.5760,0.0000,0
652.056,0,1,54,648000.000,652020.000,4020.000,1.0000,0.0000,0
653.445,1,0,54,648000.000,656020.094,8020.094,1.0000,0.0000,0
654.676,2,0,54,648000.000,652020.051,4020.051,0.7114,0.0000,0
654.676,2,1,54,648000.000,652020.084,4020.084,0.7027,0.0000,0
656.058,0,2,54,648000.000,656020.022,8020.022,1.0000,0.0000,0
657.478,1,2,55,660000.000,660052.722,52.722,0.6035,0.0000,0
